[
    {   
        "id" : 1,
        "mem_id" : "kim",
        "title" : "[속보] 민주  이재명, 12일 오후 검찰 추가 출석",
        "text" : "농성장으로 가는 이재명 대표 단식 중인 더불어민주당 이재명 대표가 11일 국회 당 대표실에서 나와 천막농성장으로 이동하고 있다. 2023.9.11 [공동취재] hama@yna.co.kr",
        "count" : 1 , 
        "reg_dtm" : "2023-09-11" ,
        "mod_dtm" : "2023-09-11"  
    }, 
    {
        "id" : 2,
        "mem_id" : "lee",
        "title" : "서천 화력발전소서 배관 폭발…1명 사망·3명 부상(종합)",
        "text" : "이 사고로 고압의 수증기가 누출되면서 작업 중이던 하청업체 직원 A(50)씨가 심정지 상태로 병원으로 옮겨졌으나 숨졌다. 또 B(36)씨 등 직원 3명이 화상을 입고 병원에서 치료받고 있다.",
        "count" : 1 , 
        "reg_dtm" : "2023-09-10" ,  
        "mod_dtm" : "2023-09-11"   
    }
]